NAME,WAR,,,,,,,,,,,,,,,,,,,,,,,,,,,,,,,
Garrett Crochet*,1.7,,,,,,,,,,,,,,,,,,,,,,,,,,,,,,,
Logan Webb,1.5,,,,,,,,,,,,,,,,,,,,,,,,,,,,,,,
Carlos Rodón*,1.3,,,,,,,,,,,,,,,,,,,,,,,,,,,,,,,
Max Fried*,2,,,,,,,,,,,,,,,,,,,,,,,,,,,,,,,
Zack Wheeler,1.4,,,,,,,,,,,,,,,,,,,,,,,,,,,,,,,
Seth Lugo,1.1,,,,,,,,,,,,,,,,,,,,,,,,,,,,,,,
Luis Severino,1.8,,,,,,,,,,,,,,,,,,,,,,,,,,,,,,,
Hunter Brown,2.1,,,,,,,,,,,,,,,,,,,,,,,,,,,,,,,
Nathan Eovaldi,1.4,,,,,,,,,,,,,,,,,,,,,,,,,,,,,,,
Paul Skenes,1.2,,,,,,,,,,,,,,,,,,,,,,,,,,,,,,,
Kris Bubic*,1.8,,,,,,,,,,,,,,,,,,,,,,,,,,,,,,,
Jake Irvin,1.3,,,,,,,,,,,,,,,,,,,,,,,,,,,,,,,
Framber Valdez*,0.8,,,,,,,,,,,,,,,,,,,,,,,,,,,,,,,
Tarik Skubal*,1.8,,,,,,,,,,,,,,,,,,,,,,,,,,,,,,,
Nick Lodolo*,1.2,,,,,,,,,,,,,,,,,,,,,,,,,,,,,,,
Spencer Schwellenbach,0.4,,,,,,,,,,,,,,,,,,,,,,,,,,,,,,,
Zack Littell,0.1,,,,,,,,,,,,,,,,,,,,,,,,,,,,,,,
Jesús Luzardo*,2.1,,,,,,,,,,,,,,,,,,,,,,,,,,,,,,,
José Berríos,0.7,,,,,,,,,,,,,,,,,,,,,,,,,,,,,,,
Taj Bradley,0.2,,,,,,,,,,,,,,,,,,,,,,,,,,,,,,,
Erick Fedde,0.5,,,,,,,,,,,,,,,,,,,,,,,,,,,,,,,
Brandon Pfaadt,1.1,,,,,,,,,,,,,,,,,,,,,,,,,,,,,,,
Sonny Gray,0.5,,,,,,,,,,,,,,,,,,,,,,,,,,,,,,,
Tomoyuki Sugano,1.3,,,,,,,,,,,,,,,,,,,,,,,,,,,,,,,
MacKenzie Gore*,1.5,,,,,,,,,,,,,,,,,,,,,,,,,,,,,,,
,,,,,,,,,,,,,,,,,,,,,,,,,,,,,,,,
Aaron Nola,0.8,,,,,,,,,,,,,,,,,,,,,,,,,,,,,,,
Joe Ryan,1.7,,,,,,,,,,,,,,,,,,,,,,,,,,,,,,,
Chris Bassitt,0.8,,,,,,,,,,,,,,,,,,,,,,,,,,,,,,,
Hunter Greene,1.9,,,,,,,,,,,,,,,,,,,,,,,,,,,,,,,
Andrew Heaney*,1.2,,,,,,,,,,,,,,,,,,,,,,,,,,,,,,,
Zac Gallen,0.9,,,,,,,,,,,,,,,,,,,,,,,,,,,,,,,
Kevin Gausman,0.5,,,,,,,,,,,,,,,,,,,,,,,,,,,,,,,
Michael Lorenzen,0.5,,,,,,,,,,,,,,,,,,,,,,,,,,,,,,,
Max Meyer,0.4,,,,,,,,,,,,,,,,,,,,,,,,,,,,,,,
Mitchell Parker*,0.9,,,,,,,,,,,,,,,,,,,,,,,,,,,,,,,
Freddy Peralta,1.7,,,,,,,,,,,,,,,,,,,,,,,,,,,,,,,
Michael Wacha,1.2,,,,,,,,,,,,,,,,,,,,,,,,,,,,,,,
Tanner Bibee,0.5,,,,,,,,,,,,,,,,,,,,,,,,,,,,,,,
Mitch Keller,0.3,,,,,,,,,,,,,,,,,,,,,,,,,,,,,,,
JP Sears*,2,,,,,,,,,,,,,,,,,,,,,,,,,,,,,,,
José Soriano,0.7,,,,,,,,,,,,,,,,,,,,,,,,,,,,,,,
Yoshinobu Yamamoto,1.3,,,,,,,,,,,,,,,,,,,,,,,,,,,,,,,
Shota Imanaga*,1.2,,,,,,,,,,,,,,,,,,,,,,,,,,,,,,,
Michael King,1.4,,,,,,,,,,,,,,,,,,,,,,,,,,,,,,,
Dean Kremer,-0.2,,,,,,,,,,,,,,,,,,,,,,,,,,,,,,,
Nick Martinez,0.8,,,,,,,,,,,,,,,,,,,,,,,,,,,,,,,
Ryan Pepiot,0.3,,,,,,,,,,,,,,,,,,,,,,,,,,,,,,,
Robbie Ray*,1.2,,,,,,,,,,,,,,,,,,,,,,,,,,,,,,,
Bryan Woo,1,,,,,,,,,,,,,,,,,,,,,,,,,,,,,,,
Jonathan Cannon,0.5,,,,,,,,,,,,,,,,,,,,,,,,,,,,,,,
,,,,,,,,,,,,,,,,,,,,,,,,,,,,,,,,
Merrill Kelly,0.8,,,,,,,,,,,,,,,,,,,,,,,,,,,,,,,
Bailey Ober,1,,,,,,,,,,,,,,,,,,,,,,,,,,,,,,,
Jameson Taillon,0.1,,,,,,,,,,,,,,,,,,,,,,,,,,,,,,,
Luis Castillo,0.4,,,,,,,,,,,,,,,,,,,,,,,,,,,,,,,
Bailey Falter*,0.1,,,,,,,,,,,,,,,,,,,,,,,,,,,,,,,
Jordan Hicks,-0.4,,,,,,,,,,,,,,,,,,,,,,,,,,,,,,,
Andre Pallante,0.3,,,,,,,,,,,,,,,,,,,,,,,,,,,,,,,
Shane Smith,1.4,,,,,,,,,,,,,,,,,,,,,,,,,,,,,,,
Jacob deGrom,1,,,,,,,,,,,,,,,,,,,,,,,,,,,,,,,
Jack Kochanowicz,0.3,,,,,,,,,,,,,,,,,,,,,,,,,,,,,,,
Clay Holmes,0.8,,,,,,,,,,,,,,,,,,,,,,,,,,,,,,,
Tyler Mahle,1.7,,,,,,,,,,,,,,,,,,,,,,,,,,,,,,,
Davis Martin,0.1,,,,,,,,,,,,,,,,,,,,,,,,,,,,,,,
Casey Mize,1.2,,,,,,,,,,,,,,,,,,,,,,,,,,,,,,,
Yusei Kikuchi*,0.9,,,,,,,,,,,,,,,,,,,,,,,,,,,,,,,
Chris Sale*,0.3,,,,,,,,,,,,,,,,,,,,,,,,,,,,,,,
Justin Verlander,-0.1,,,,,,,,,,,,,,,,,,,,,,,,,,,,,,,
Osvaldo Bido,0.5,,,,,,,,,,,,,,,,,,,,,,,,,,,,,,,
Bowden Francis,-0.3,,,,,,,,,,,,,,,,,,,,,,,,,,,,,,,
Ben Lively,0.6,,,,,,,,,,,,,,,,,,,,,,,,,,,,,,,
Brady Singer,-0.1,,,,,,,,,,,,,,,,,,,,,,,,,,,,,,,
Tanner Houck,-0.8,,,,,,,,,,,,,,,,,,,,,,,,,,,,,,,
Trevor Williams,0.1,,,,,,,,,,,,,,,,,,,,,,,,,,,,,,,
Jack Flaherty,0.1,,,,,,,,,,,,,,,,,,,,,,,,,,,,,,,
Matthew Liberatore*,0.7,,,,,,,,,,,,,,,,,,,,,,,,,,,,,,,
,,,,,,,,,,,,,,,,,,,,,,,,,,,,,,,,
Tylor Megill,0.3,,,,,,,,,,,,,,,,,,,,,,,,,,,,,,,
Cole Ragans*,0.2,,,,,,,,,,,,,,,,,,,,,,,,,,,,,,,
Eduardo Rodríguez*,-1,,,,,,,,,,,,,,,,,,,,,,,,,,,,,,,
Tyler Anderson*,1.7,,,,,,,,,,,,,,,,,,,,,,,,,,,,,,,
Dylan Cease,-0.1,,,,,,,,,,,,,,,,,,,,,,,,,,,,,,,
Nick Pivetta,1.5,,,,,,,,,,,,,,,,,,,,,,,,,,,,,,,
Corbin Burnes,1,,,,,,,,,,,,,,,,,,,,,,,,,,,,,,,
Dustin May,-0.1,,,,,,,,,,,,,,,,,,,,,,,,,,,,,,,
Chris Paddack,0.1,,,,,,,,,,,,,,,,,,,,,,,,,,,,,,,
Matthew Boyd*,0.9,,,,,,,,,,,,,,,,,,,,,,,,,,,,,,,
Sean Burke,-0.1,,,,,,,,,,,,,,,,,,,,,,,,,,,,,,,
Kyle Freeland*,-0.6,,,,,,,,,,,,,,,,,,,,,,,,,,,,,,,
Grant Holmes,0.2,,,,,,,,,,,,,,,,,,,,,,,,,,,,,,,
Jeffrey Springs*,0,,,,,,,,,,,,,,,,,,,,,,,,,,,,,,,
Antonio Senzatela,-0.3,,,,,,,,,,,,,,,,,,,,,,,,,,,,,,,
Reese Olson,0.8,,,,,,,,,,,,,,,,,,,,,,,,,,,,,,,
Kodai Senga,1.6,,,,,,,,,,,,,,,,,,,,,,,,,,,,,,,
Shane Baz,-0.2,,,,,,,,,,,,,,,,,,,,,,,,,,,,,,,
David Peterson*,0.6,,,,,,,,,,,,,,,,,,,,,,,,,,,,,,,
Randy Vásquez,0.4,,,,,,,,,,,,,,,,,,,,,,,,,,,,,,,
Bryce Elder,-0.1,,,,,,,,,,,,,,,,,,,,,,,,,,,,,,,
Chad Patrick,0.8,,,,,,,,,,,,,,,,,,,,,,,,,,,,,,,
Luis Ortiz,-0.3,,,,,,,,,,,,,,,,,,,,,,,,,,,,,,,
Cristopher Sánchez*,1.4,,,,,,,,,,,,,,,,,,,,,,,,,,,,,,,
Gavin Williams,0.1,,,,,,,,,,,,,,,,,,,,,,,,,,,,,,,
,,,,,,,,,,,,,,,,,,,,,,,,,,,,,,,,
Ben Brown,0,,,,,,,,,,,,,,,,,,,,,,,,,,,,,,,
Griffin Canning,1,,,,,,,,,,,,,,,,,,,,,,,,,,,,,,,
Will Warren,0,,,,,,,,,,,,,,,,,,,,,,,,,,,,,,,
Kyle Hendricks,0.4,,,,,,,,,,,,,,,,,,,,,,,,,,,,,,,
Cade Povich*,-0.5,,,,,,,,,,,,,,,,,,,,,,,,,,,,,,,
Logan Allen*,0,,,,,,,,,,,,,,,,,,,,,,,,,,,,,,,
Drew Rasmussen,0.7,,,,,,,,,,,,,,,,,,,,,,,,,,,,,,,
Landen Roupp,-0.3,,,,,,,,,,,,,,,,,,,,,,,,,,,,,,,
Bryce Miller,0.3,,,,,,,,,,,,,,,,,,,,,,,,,,,,,,,
Ronel Blanco,0,,,,,,,,,,,,,,,,,,,,,,,,,,,,,,,
Roki Sasaki,-0.1,,,,,,,,,,,,,,,,,,,,,,,,,,,,,,,
Miles Mikolas,-0.1,,,,,,,,,,,,,,,,,,,,,,,,,,,,,,,
Jose Quintana*,0.9,,,,,,,,,,,,,,,,,,,,,,,,,,,,,,,
Walker Buehler,0.1,,,,,,,,,,,,,,,,,,,,,,,,,,,,,,,
Charlie Morton,-1.2,,,,,,,,,,,,,,,,,,,,,,,,,,,,,,,
Simeon Woods Richardson,0.4,,,,,,,,,,,,,,,,,,,,,,,,,,,,,,,
Pablo López,0.8,,,,,,,,,,,,,,,,,,,,,,,,,,,,,,,
AJ Smith-Shawver,0.6,,,,,,,,,,,,,,,,,,,,,,,,,,,,,,,
Carlos Carrasco,-0.3,,,,,,,,,,,,,,,,,,,,,,,,,,,,,,,
Hayden Wesneski,0.2,,,,,,,,,,,,,,,,,,,,,,,,,,,,,,,
Patrick Corbin*,0.5,,,,,,,,,,,,,,,,,,,,,,,,,,,,,,,
Cal Quantrill,-0.4,,,,,,,,,,,,,,,,,,,,,,,,,,,,,,,
Taijuan Walker,0.7,,,,,,,,,,,,,,,,,,,,,,,,,,,,,,,
Sandy Alcantara,-0.7,,,,,,,,,,,,,,,,,,,,,,,,,,,,,,,
Carmen Mlodzinski,-0.4,,,,,,,,,,,,,,,,,,,,,,,,,,,,,,,
,,,,,,,,,,,,,,,,,,,,,,,,,,,,,,,,
Ryan Feltner,0.4,,,,,,,,,,,,,,,,,,,,,,,,,,,,,,,
Logan Gilbert,0.8,,,,,,,,,,,,,,,,,,,,,,,,,,,,,,,
Germán Márquez,-1.2,,,,,,,,,,,,,,,,,,,,,,,,,,,,,,,
Colin Rea,0.7,,,,,,,,,,,,,,,,,,,,,,,,,,,,,,,
Edward Cabrera,0,,,,,,,,,,,,,,,,,,,,,,,,,,,,,,,
Brad Lord,0.4,,,,,,,,,,,,,,,,,,,,,,,,,,,,,,,
Quinn Priester,-0.1,,,,,,,,,,,,,,,,,,,,,,,,,,,,,,,
Chase Dollander,-0.6,,,,,,,,,,,,,,,,,,,,,,,,,,,,,,,
Ryan Gusto,0.4,,,,,,,,,,,,,,,,,,,,,,,,,,,,,,,
Jackson Jobe,-0.2,,,,,,,,,,,,,,,,,,,,,,,,,,,,,,,
Sean Newcomb*,0,,,,,,,,,,,,,,,,,,,,,,,,,,,,,,,
Bryse Wilson,0,,,,,,,,,,,,,,,,,,,,,,,,,,,,,,,
Tyler Alexander*,-0.4,,,,,,,,,,,,,,,,,,,,,,,,,,,,,,,
Connor Gillispie,-0.7,,,,,,,,,,,,,,,,,,,,,,,,,,,,,,,
Ben Casparius,0.3,,,,,,,,,,,,,,,,,,,,,,,,,,,,,,,
Steven Matz*,0.9,,,,,,,,,,,,,,,,,,,,,,,,,,,,,,,
Jake Bird,1.1,,,,,,,,,,,,,,,,,,,,,,,,,,,,,,,
Andrew Abbott*,0.8,,,,,,,,,,,,,,,,,,,,,,,,,,,,,,,
Huascar Brazobán,1.1,,,,,,,,,,,,,,,,,,,,,,,,,,,,,,,
Angel Chivilli,0.4,,,,,,,,,,,,,,,,,,,,,,,,,,,,,,,
Emerson Hancock,-0.2,,,,,,,,,,,,,,,,,,,,,,,,,,,,,,,
Max Kranick,0,,,,,,,,,,,,,,,,,,,,,,,,,,,,,,,
Ryne Nelson,0.1,,,,,,,,,,,,,,,,,,,,,,,,,,,,,,,
Jack Leiter,-0.1,,,,,,,,,,,,,,,,,,,,,,,,,,,,,,,
Hunter Dobbins,0.4,,,,,,,,,,,,,,,,,,,,,,,,,,,,,,,
,,,,,,,,,,,,,,,,,,,,,,,,,,,,,,,,
Mitch Spence,-0.3,,,,,,,,,,,,,,,,,,,,,,,,,,,,,,,
Justin Steele*,0.1,,,,,,,,,,,,,,,,,,,,,,,,,,,,,,,
Brayan Bello,1,,,,,,,,,,,,,,,,,,,,,,,,,,,,,,,
Kyle Leahy,0.9,,,,,,,,,,,,,,,,,,,,,,,,,,,,,,,
José Buttó,0.2,,,,,,,,,,,,,,,,,,,,,,,,,,,,,,,
Jack Dreyer*,0.3,,,,,,,,,,,,,,,,,,,,,,,,,,,,,,,
Grant Anderson,0.2,,,,,,,,,,,,,,,,,,,,,,,,,,,,,,,
Keider Montero,0.1,,,,,,,,,,,,,,,,,,,,,,,,,,,,,,,
Jalen Beeks*,0.8,,,,,,,,,,,,,,,,,,,,,,,,,,,,,,,
Tyler Phillips,0,,,,,,,,,,,,,,,,,,,,,,,,,,,,,,,
Garrett Whitlock,0.3,,,,,,,,,,,,,,,,,,,,,,,,,,,,,,,
Kyle Hart*,-0.3,,,,,,,,,,,,,,,,,,,,,,,,,,,,,,,
Mike Vasil,0.6,,,,,,,,,,,,,,,,,,,,,,,,,,,,,,,
Clarke Schmidt,0.1,,,,,,,,,,,,,,,,,,,,,,,,,,,,,,,
Jason Adam,0.6,,,,,,,,,,,,,,,,,,,,,,,,,,,,,,,
Eduard Bazardo,0,,,,,,,,,,,,,,,,,,,,,,,,,,,,,,,
Fernando Cruz,0.2,,,,,,,,,,,,,,,,,,,,,,,,,,,,,,,
Brant Hurter*,0.5,,,,,,,,,,,,,,,,,,,,,,,,,,,,,,,
Joe Ross,0.2,,,,,,,,,,,,,,,,,,,,,,,,,,,,,,,
Graham Ashcraft,0.1,,,,,,,,,,,,,,,,,,,,,,,,,,,,,,,
Lake Bachar,0.1,,,,,,,,,,,,,,,,,,,,,,,,,,,,,,,
Jose A. Ferrer*,-0.9,,,,,,,,,,,,,,,,,,,,,,,,,,,,,,,
Steven Okert*,0.8,,,,,,,,,,,,,,,,,,,,,,,,,,,,,,,
Martín Pérez*,0.5,,,,,,,,,,,,,,,,,,,,,,,,,,,,,,,
Kumar Rocker,-0.9,,,,,,,,,,,,,,,,,,,,,,,,,,,,,,,
,,,,,,,,,,,,,,,,,,,,,,,,,,,,,,,,
Tony Santillan,1,,,,,,,,,,,,,,,,,,,,,,,,,,,,,,,
Joey Cantillo*,-0.4,,,,,,,,,,,,,,,,,,,,,,,,,,,,,,,
Brent Suter*,0.4,,,,,,,,,,,,,,,,,,,,,,,,,,,,,,,
Justin Sterner,0.8,,,,,,,,,,,,,,,,,,,,,,,,,,,,,,,
Jacob Webb,-0.3,,,,,,,,,,,,,,,,,,,,,,,,,,,,,,,
Ryan Yarbrough*,0.2,,,,,,,,,,,,,,,,,,,,,,,,,,,,,,,
Scott Blewett,0.5,,,,,,,,,,,,,,,,,,,,,,,,,,,,,,,
Scott Blewett,0.2,,,,,,,,,,,,,,,,,,,,,,,,,,,,,,,
Scott Blewett,0.1,,,,,,,,,,,,,,,,,,,,,,,,,,,,,,,
Scott Blewett,0.1,,,,,,,,,,,,,,,,,,,,,,,,,,,,,,,
Scott Blewett,0.3,,,,,,,,,,,,,,,,,,,,,,,,,,,,,,,
Luis García,-0.1,,,,,,,,,,,,,,,,,,,,,,,,,,,,,,,
Jeff Hoffman,0.4,,,,,,,,,,,,,,,,,,,,,,,,,,,,,,,
Anthony Banda*,-0.2,,,,,,,,,,,,,,,,,,,,,,,,,,,,,,,
Brenan Hanifee,-0.1,,,,,,,,,,,,,,,,,,,,,,,,,,,,,,,
Jimmy Herget,0.3,,,,,,,,,,,,,,,,,,,,,,,,,,,,,,,
Daniel Lynch IV*,0.9,,,,,,,,,,,,,,,,,,,,,,,,,,,,,,,
Elvin Rodríguez,-0.6,,,,,,,,,,,,,,,,,,,,,,,,,,,,,,,
Tanner Scott*,0.5,,,,,,,,,,,,,,,,,,,,,,,,,,,,,,,
Alex Vesia*,0.1,,,,,,,,,,,,,,,,,,,,,,,,,,,,,,,
Hayden Birdsong,0.2,,,,,,,,,,,,,,,,,,,,,,,,,,,,,,,
Jhoan Durán,0.9,,,,,,,,,,,,,,,,,,,,,,,,,,,,,,,
Jeremiah Estrada,0.5,,,,,,,,,,,,,,,,,,,,,,,,,,,,,,,
Tyler Ferguson,0.9,,,,,,,,,,,,,,,,,,,,,,,,,,,,,,,
Emilio Pagán,0.5,,,,,,,,,,,,,,,,,,,,,,,,,,,,,,,
,,,,,,,,,,,,,,,,,,,,,,,,,,,,,,,,
Tyler Rogers,0.7,,,,,,,,,,,,,,,,,,,,,,,,,,,,,,,
George Soriano,-0.5,,,,,,,,,,,,,,,,,,,,,,,,,,,,,,,
Louis Varland,0.3,,,,,,,,,,,,,,,,,,,,,,,,,,,,,,,
Joey Wentz*,0.3,,,,,,,,,,,,,,,,,,,,,,,,,,,,,,,
José Alvarado*,0.6,,,,,,,,,,,,,,,,,,,,,,,,,,,,,,,
Valente Bellozo,0.6,,,,,,,,,,,,,,,,,,,,,,,,,,,,,,,
Zach Eflin,0.6,,,,,,,,,,,,,,,,,,,,,,,,,,,,,,,
Mason Englert,-0.4,,,,,,,,,,,,,,,,,,,,,,,,,,,,,,,
Carlos Estévez,0.6,,,,,,,,,,,,,,,,,,,,,,,,,,,,,,,
Tyler Glasnow,0,,,,,,,,,,,,,,,,,,,,,,,,,,,,,,,
Daysbel Hernández,0.6,,,,,,,,,,,,,,,,,,,,,,,,,,,,,,,
Tim Hill*,0.3,,,,,,,,,,,,,,,,,,,,,,,,,,,,,,,
Jakob Junis,0,,,,,,,,,,,,,,,,,,,,,,,,,,,,,,,
Brendon Little*,0.5,,,,,,,,,,,,,,,,,,,,,,,,,,,,,,,
Andrés Muñoz,1.9,,,,,,,,,,,,,,,,,,,,,,,,,,,,,,,
Manuel Rodríguez,0.2,,,,,,,,,,,,,,,,,,,,,,,,,,,,,,,
Carlos Vargas,0,,,,,,,,,,,,,,,,,,,,,,,,,,,,,,,
Enyel De Los Santos,0.1,,,,,,,,,,,,,,,,,,,,,,,,,,,,,,,
Camilo Doval,0.3,,,,,,,,,,,,,,,,,,,,,,,,,,,,,,,
Ronny Henriquez,0.3,,,,,,,,,,,,,,,,,,,,,,,,,,,,,,,
Griffin Jax,-0.4,,,,,,,,,,,,,,,,,,,,,,,,,,,,,,,
Brad Keller,0,,,,,,,,,,,,,,,,,,,,,,,,,,,,,,,
Jared Koenig*,0.5,,,,,,,,,,,,,,,,,,,,,,,,,,,,,,,
Hoby Milner*,0.5,,,,,,,,,,,,,,,,,,,,,,,,,,,,,,,
Adrián Morejón*,0.2,,,,,,,,,,,,,,,,,,,,,,,,,,,,,,,
,,,,,,,,,,,,,,,,,,,,,,,,,,,,,,,,
Yariel Rodríguez,0.1,,,,,,,,,,,,,,,,,,,,,,,,,,,,,,,
Cade Smith,0,,,,,,,,,,,,,,,,,,,,,,,,,,,,,,,
Robert Suarez,1.2,,,,,,,,,,,,,,,,,,,,,,,,,,,,,,,
Abner Uribe,0.6,,,,,,,,,,,,,,,,,,,,,,,,,,,,,,,
Keegan Akin*,0.3,,,,,,,,,,,,,,,,,,,,,,,,,,,,,,,
Tanner Banks*,0.3,,,,,,,,,,,,,,,,,,,,,,,,,,,,,,,
Spencer Bivens,0.3,,,,,,,,,,,,,,,,,,,,,,,,,,,,,,,
Matt Bowman,-0.1,,,,,,,,,,,,,,,,,,,,,,,,,,,,,,,
Caleb Ferguson*,0.2,,,,,,,,,,,,,,,,,,,,,,,,,,,,,,,
Chad Green,0.1,,,,,,,,,,,,,,,,,,,,,,,,,,,,,,,
Tyler Holton*,0.2,,,,,,,,,,,,,,,,,,,,,,,,,,,,,,,
Bryan King*,0.6,,,,,,,,,,,,,,,,,,,,,,,,,,,,,,,
Kirby Yates,0.1,,,,,,,,,,,,,,,,,,,,,,,,,,,,,,,
Bryan Abreu,0.6,,,,,,,,,,,,,,,,,,,,,,,,,,,,,,,
Richard Fitts,0.3,,,,,,,,,,,,,,,,,,,,,,,,,,,,,,,
Josh Hader*,0.8,,,,,,,,,,,,,,,,,,,,,,,,,,,,,,,
Porter Hodge,0.1,,,,,,,,,,,,,,,,,,,,,,,,,,,,,,,
Alek Jacob,0.3,,,,,,,,,,,,,,,,,,,,,,,,,,,,,,,
Jorge López,-0.5,,,,,,,,,,,,,,,,,,,,,,,,,,,,,,,
Easton Lucas*,-0.4,,,,,,,,,,,,,,,,,,,,,,,,,,,,,,,
Noah Murdock,-1.4,,,,,,,,,,,,,,,,,,,,,,,,,,,,,,,
Will Vest,0.6,,,,,,,,,,,,,,,,,,,,,,,,,,,,,,,
Luke Weaver,1.2,,,,,,,,,,,,,,,,,,,,,,,,,,,,,,,
Greg Weissert,0.4,,,,,,,,,,,,,,,,,,,,,,,,,,,,,,,
Shawn Armstrong,0,,,,,,,,,,,,,,,,,,,,,,,,,,,,,,,
,,,,,,,,,,,,,,,,,,,,,,,,,,,,,,,,
Lucas Erceg,0.9,,,,,,,,,,,,,,,,,,,,,,,,,,,,,,,
Chris Martin,-0.2,,,,,,,,,,,,,,,,,,,,,,,,,,,,,,,
Shelby Miller,1.1,,,,,,,,,,,,,,,,,,,,,,,,,,,,,,,
Randy Rodríguez,0.7,,,,,,,,,,,,,,,,,,,,,,,,,,,,,,,
Edwin Uceta,0,,,,,,,,,,,,,,,,,,,,,,,,,,,,,,,
Emmanuel Clase,-0.5,,,,,,,,,,,,,,,,,,,,,,,,,,,,,,,
Brandon Eisert*,-0.1,,,,,,,,,,,,,,,,,,,,,,,,,,,,,,,
Pete Fairbanks,0.6,,,,,,,,,,,,,,,,,,,,,,,,,,,,,,,
Robert Garcia*,0.5,,,,,,,,,,,,,,,,,,,,,,,,,,,,,,,
Tobias Myers,0.2,,,,,,,,,,,,,,,,,,,,,,,,,,,,,,,
Dennis Santana,0.6,,,,,,,,,,,,,,,,,,,,,,,,,,,,,,,
Chase Shugart,0.2,,,,,,,,,,,,,,,,,,,,,,,,,,,,,,,
Collin Snider,0,,,,,,,,,,,,,,,,,,,,,,,,,,,,,,,
Anthony Bender,0.6,,,,,,,,,,,,,,,,,,,,,,,,,,,,,,,
Bradley Blalock,-0.8,,,,,,,,,,,,,,,,,,,,,,,,,,,,,,,
Aaron Bummer*,0.1,,,,,,,,,,,,,,,,,,,,,,,,,,,,,,,
Yimi García,0,,,,,,,,,,,,,,,,,,,,,,,,,,,,,,,
Dylan Lee*,0.6,,,,,,,,,,,,,,,,,,,,,,,,,,,,,,,
Yuki Matsui*,0.4,,,,,,,,,,,,,,,,,,,,,,,,,,,,,,,
Jackson Rutledge,0.3,,,,,,,,,,,,,,,,,,,,,,,,,,,,,,,
John Schreiber,0.7,,,,,,,,,,,,,,,,,,,,,,,,,,,,,,,
Scott Barlow,0.1,,,,,,,,,,,,,,,,,,,,,,,,,,,,,,,
Reed Garrett,0.8,,,,,,,,,,,,,,,,,,,,,,,,,,,,,,,
Seth Halvorsen,0.1,,,,,,,,,,,,,,,,,,,,,,,,,,,,,,,
Eduardo Salazar,-0.5,,,,,,,,,,,,,,,,,,,,,,,,,,,,,,,
,,,,,,,,,,,,,,,,,,,,,,,,,,,,,,,,
Cole Sands,0.6,,,,,,,,,,,,,,,,,,,,,,,,,,,,,,,
Matt Strahm*,0.5,,,,,,,,,,,,,,,,,,,,,,,,,,,,,,,
Ryan Thompson,-0.2,,,,,,,,,,,,,,,,,,,,,,,,,,,,,,,
Brennan Bernardino*,0,,,,,,,,,,,,,,,,,,,,,,,,,,,,,,,
Danny Coulombe*,0.9,,,,,,,,,,,,,,,,,,,,,,,,,,,,,,,
Reid Detmers*,-0.7,,,,,,,,,,,,,,,,,,,,,,,,,,,,,,,
Mason Fluharty*,0.5,,,,,,,,,,,,,,,,,,,,,,,,,,,,,,,
Carlos Hernández,0,,,,,,,,,,,,,,,,,,,,,,,,,,,,,,,
Tyler Kinley,-0.4,,,,,,,,,,,,,,,,,,,,,,,,,,,,,,,
Julian Merryweather,0,,,,,,,,,,,,,,,,,,,,,,,,,,,,,,,
Mason Miller,0.2,,,,,,,,,,,,,,,,,,,,,,,,,,,,,,,
Trent Thornton,-0.4,,,,,,,,,,,,,,,,,,,,,,,,,,,,,,,
Bryan Baker,0.3,,,,,,,,,,,,,,,,,,,,,,,,,,,,,,,
Hunter Bigge,0.2,,,,,,,,,,,,,,,,,,,,,,,,,,,,,,,
Brock Burke*,0,,,,,,,,,,,,,,,,,,,,,,,,,,,,,,,
Edwin Díaz,0,,,,,,,,,,,,,,,,,,,,,,,,,,,,,,,
Logan Evans,-0.3,,,,,,,,,,,,,,,,,,,,,,,,,,,,,,,
Hunter Gaddis,0.8,,,,,,,,,,,,,,,,,,,,,,,,,,,,,,,
Tim Herrin*,0.3,,,,,,,,,,,,,,,,,,,,,,,,,,,,,,,
Raisel Iglesias,-0.2,,,,,,,,,,,,,,,,,,,,,,,,,,,,,,,
Orion Kerkering,-0.2,,,,,,,,,,,,,,,,,,,,,,,,,,,,,,,
Phil Maton,-0.1,,,,,,,,,,,,,,,,,,,,,,,,,,,,,,,
Nick Mears,0.8,,,,,,,,,,,,,,,,,,,,,,,,,,,,,,,
Cionel Pérez*,-0.6,,,,,,,,,,,,,,,,,,,,,,,,,,,,,,,
Tayler Scott,-0.4,,,,,,,,,,,,,,,,,,,,,,,,,,,,,,,
,,,,,,,,,,,,,,,,,,,,,,,,,,,,,,,,
Justin Slaten,-0.4,,,,,,,,,,,,,,,,,,,,,,,,,,,,,,,
Gabe Speier*,0.4,,,,,,,,,,,,,,,,,,,,,,,,,,,,,,,
Chris Stratton,-0.4,,,,,,,,,,,,,,,,,,,,,,,,,,,,,,,
Anthony Veneziano*,0.2,,,,,,,,,,,,,,,,,,,,,,,,,,,,,,,
Ángel Zerpa*,-0.6,,,,,,,,,,,,,,,,,,,,,,,,,,,,,,,
Ryan Borucki*,0.2,,,,,,,,,,,,,,,,,,,,,,,,,,,,,,,
Kyle Finnegan,0.6,,,,,,,,,,,,,,,,,,,,,,,,,,,,,,,
Pierce Johnson,0.3,,,,,,,,,,,,,,,,,,,,,,,,,,,,,,,
Ryan Johnson,-0.7,,,,,,,,,,,,,,,,,,,,,,,,,,,,,,,
Tommy Kahnle,0.6,,,,,,,,,,,,,,,,,,,,,,,,,,,,,,,
Ryne Stanek,0,,,,,,,,,,,,,,,,,,,,,,,,,,,,,,,
Garrett Cleavinger*,0.5,,,,,,,,,,,,,,,,,,,,,,,,,,,,,,,
Stephen Kolek,0.9,,,,,,,,,,,,,,,,,,,,,,,,,,,,,,,
Mark Leiter Jr.,0,,,,,,,,,,,,,,,,,,,,,,,,,,,,,,,
Wandy Peralta*,-0.3,,,,,,,,,,,,,,,,,,,,,,,,,,,,,,,
Yoendrys Gómez,-0.1,,,,,,,,,,,,,,,,,,,,,,,,,,,,,,,
Yoendrys Gómez,0.2,,,,,,,,,,,,,,,,,,,,,,,,,,,,,,,
Yoendrys Gómez,-0.3,,,,,,,,,,,,,,,,,,,,,,,,,,,,,,,
Cam Booser*,-0.3,,,,,,,,,,,,,,,,,,,,,,,,,,,,,,,
Ryan Helsley,0.3,,,,,,,,,,,,,,,,,,,,,,,,,,,,,,,
Jordan Leasure,-0.1,,,,,,,,,,,,,,,,,,,,,,,,,,,,,,,
Mason Montgomery*,-0.2,,,,,,,,,,,,,,,,,,,,,,,,,,,,,,,
Ryan Pressly,-0.7,,,,,,,,,,,,,,,,,,,,,,,,,,,,,,,
J.T. Ginn,0.4,,,,,,,,,,,,,,,,,,,,,,,,,,,,,,,
Landon Knack,-0.1,,,,,,,,,,,,,,,,,,,,,,,,,,,,,,,
,,,,,,,,,,,,,,,,,,,,,,,,,,,,,,,,
Joel Payamps,-0.6,,,,,,,,,,,,,,,,,,,,,,,,,,,,,,,
Caleb Thielbar*,0.3,,,,,,,,,,,,,,,,,,,,,,,,,,,,,,,
Jorge Alcalá,-0.5,,,,,,,,,,,,,,,,,,,,,,,,,,,,,,,
Aroldis Chapman*,0.6,,,,,,,,,,,,,,,,,,,,,,,,,,,,,,,
Eric Orze,0.5,,,,,,,,,,,,,,,,,,,,,,,,,,,,,,,
Jordan Romano,-0.7,,,,,,,,,,,,,,,,,,,,,,,,,,,,,,,
Carson Spiers,-0.1,,,,,,,,,,,,,,,,,,,,,,,,,,,,,,,
Ryan Walker,-0.3,,,,,,,,,,,,,,,,,,,,,,,,,,,,,,,
Rafael Montero,0,,,,,,,,,,,,,,,,,,,,,,,,,,,,,,,
Rafael Montero,0,,,,,,,,,,,,,,,,,,,,,,,,,,,,,,,
Rafael Montero,-0.1,,,,,,,,,,,,,,,,,,,,,,,,,,,,,,,
Calvin Faucher,0,,,,,,,,,,,,,,,,,,,,,,,,,,,,,,,
David Festa,0.6,,,,,,,,,,,,,,,,,,,,,,,,,,,,,,,
Luke Jackson,-0.7,,,,,,,,,,,,,,,,,,,,,,,,,,,,,,,
Gregory Soto*,-0.1,,,,,,,,,,,,,,,,,,,,,,,,,,,,,,,
Justin Topa,0.1,,,,,,,,,,,,,,,,,,,,,,,,,,,,,,,
Penn Murfee,-0.4,,,,,,,,,,,,,,,,,,,,,,,,,,,,,,,
Taylor Rogers*,0.3,,,,,,,,,,,,,,,,,,,,,,,,,,,,,,,
Devin Williams,-0.8,,,,,,,,,,,,,,,,,,,,,,,,,,,,,,,
Ryan Zeferjahn,0.3,,,,,,,,,,,,,,,,,,,,,,,,,,,,,,,
Casey Lawrence,-0.5,,,,,,,,,,,,,,,,,,,,,,,,,,,,,,,
Casey Lawrence,-0.5,,,,,,,,,,,,,,,,,,,,,,,,,,,,,,,
Casey Lawrence,-0.1,,,,,,,,,,,,,,,,,,,,,,,,,,,,,,,
Yennier Cano,0.1,,,,,,,,,,,,,,,,,,,,,,,,,,,,,,,
Cole Henry,0.2,,,,,,,,,,,,,,,,,,,,,,,,,,,,,,,
,,,,,,,,,,,,,,,,,,,,,,,,,,,,,,,,
Erik Miller*,0.9,,,,,,,,,,,,,,,,,,,,,,,,,,,,,,,
Lucas Sims,-0.9,,,,,,,,,,,,,,,,,,,,,,,,,,,,,,,
Jesús Tinoco,0.4,,,,,,,,,,,,,,,,,,,,,,,,,,,,,,,
Lou Trivino,-0.2,,,,,,,,,,,,,,,,,,,,,,,,,,,,,,,
Scott Alexander*,0.1,,,,,,,,,,,,,,,,,,,,,,,,,,,,,,,
Kolby Allard*,0.4,,,,,,,,,,,,,,,,,,,,,,,,,,,,,,,
Justin Wilson*,0.2,,,,,,,,,,,,,,,,,,,,,,,,,,,,,,,
Seranthony Domínguez,0,,,,,,,,,,,,,,,,,,,,,,,,,,,,,,,
Ian Gibaut,0,,,,,,,,,,,,,,,,,,,,,,,,,,,,,,,
Kyle Gibson,-0.8,,,,,,,,,,,,,,,,,,,,,,,,,,,,,,,
Tyler Gilbert*,0,,,,,,,,,,,,,,,,,,,,,,,,,,,,,,,
John King*,-0.3,,,,,,,,,,,,,,,,,,,,,,,,,,,,,,,
Daniel Palencia,0.4,,,,,,,,,,,,,,,,,,,,,,,,,,,,,,,
JoJo Romero*,-0.3,,,,,,,,,,,,,,,,,,,,,,,,,,,,,,,
Paul Sewald,-0.3,,,,,,,,,,,,,,,,,,,,,,,,,,,,,,,
Josh Winckowski,-0.1,,,,,,,,,,,,,,,,,,,,,,,,,,,,,,,
Ian Hamilton,-0.1,,,,,,,,,,,,,,,,,,,,,,,,,,,,,,,
Gunnar Hoglund,0.7,,,,,,,,,,,,,,,,,,,,,,,,,,,,,,,
Justin Lawrence,0.6,,,,,,,,,,,,,,,,,,,,,,,,,,,,,,,
José Ruiz,0.1,,,,,,,,,,,,,,,,,,,,,,,,,,,,,,,
Félix Bautista,0.4,,,,,,,,,,,,,,,,,,,,,,,,,,,,,,,
David Bednar,0,,,,,,,,,,,,,,,,,,,,,,,,,,,,,,,
John Brebbia,0.1,,,,,,,,,,,,,,,,,,,,,,,,,,,,,,,
Tony Gonsolin,0,,,,,,,,,,,,,,,,,,,,,,,,,,,,,,,
Colin Holderman,-0.4,,,,,,,,,,,,,,,,,,,,,,,,,,,,,,,
,,,,,,,,,,,,,,,,,,,,,,,,,,,,,,,,
Grant Holman,0.7,,,,,,,,,,,,,,,,,,,,,,,,,,,,,,,
Jacob Latz*,0,,,,,,,,,,,,,,,,,,,,,,,,,,,,,,,
Casey Legumina,0.2,,,,,,,,,,,,,,,,,,,,,,,,,,,,,,,
A.J. Minter*,0.3,,,,,,,,,,,,,,,,,,,,,,,,,,,,,,,
Steven Wilson,0.5,,,,,,,,,,,,,,,,,,,,,,,,,,,,,,,
Steven Cruz,0.5,,,,,,,,,,,,,,,,,,,,,,,,,,,,,,,
Hogan Harris*,0.1,,,,,,,,,,,,,,,,,,,,,,,,,,,,,,,
Garrett McDaniels*,-0.1,,,,,,,,,,,,,,,,,,,,,,,,,,,,,,,
Matt Sauer,0.2,,,,,,,,,,,,,,,,,,,,,,,,,,,,,,,
Ranger Suárez*,0.1,,,,,,,,,,,,,,,,,,,,,,,,,,,,,,,
Zach Agnos,0.6,,,,,,,,,,,,,,,,,,,,,,,,,,,,,,,
Trevor Megill,0.1,,,,,,,,,,,,,,,,,,,,,,,,,,,,,,,
Gordon Graceffo,-0.4,,,,,,,,,,,,,,,,,,,,,,,,,,,,,,,
Kenley Jansen,-0.1,,,,,,,,,,,,,,,,,,,,,,,,,,,,,,,
Zack Kelly,-0.6,,,,,,,,,,,,,,,,,,,,,,,,,,,,,,,
Justin Martínez,0.3,,,,,,,,,,,,,,,,,,,,,,,,,,,,,,,
T.J. McFarland*,0.1,,,,,,,,,,,,,,,,,,,,,,,,,,,,,,,
Michael Soroka,-0.2,,,,,,,,,,,,,,,,,,,,,,,,,,,,,,,
Spencer Arrighetti,0,,,,,,,,,,,,,,,,,,,,,,,,,,,,,,,
Caleb Boushley,-0.1,,,,,,,,,,,,,,,,,,,,,,,,,,,,,,,
Beau Brieske,-0.4,,,,,,,,,,,,,,,,,,,,,,,,,,,,,,,
Lucas Giolito,-0.3,,,,,,,,,,,,,,,,,,,,,,,,,,,,,,,
Bennett Sousa*,0.2,,,,,,,,,,,,,,,,,,,,,,,,,,,,,,,
Ian Anderson,-0.6,,,,,,,,,,,,,,,,,,,,,,,,,,,,,,,
Luarbert Árias,-0.3,,,,,,,,,,,,,,,,,,,,,,,,,,,,,,,
,,,,,,,,,,,,,,,,,,,,,,,,,,,,,,,,
Tim Mayza*,0.1,,,,,,,,,,,,,,,,,,,,,,,,,,,,,,,
Marcus Stroman,-0.6,,,,,,,,,,,,,,,,,,,,,,,,,,,,,,,
Luis Contreras,-0.4,,,,,,,,,,,,,,,,,,,,,,,,,,,,,,,
Liam Hendriks,0.2,,,,,,,,,,,,,,,,,,,,,,,,,,,,,,,
José Leclerc,0,,,,,,,,,,,,,,,,,,,,,,,,,,,,,,,
Jared Shuster*,-0.4,,,,,,,,,,,,,,,,,,,,,,,,,,,,,,,
Blake Snell*,-0.3,,,,,,,,,,,,,,,,,,,,,,,,,,,,,,,
Ryan Fernandez,-1.1,,,,,,,,,,,,,,,,,,,,,,,,,,,,,,,
Bryan Hudson*,-0.1,,,,,,,,,,,,,,,,,,,,,,,,,,,,,,,
Nate Pearson,-0.4,,,,,,,,,,,,,,,,,,,,,,,,,,,,,,,
Colin Poche*,-0.6,,,,,,,,,,,,,,,,,,,,,,,,,,,,,,,
Logan VanWey,-0.3,,,,,,,,,,,,,,,,,,,,,,,,,,,,,,,
Brandon Young,-0.1,,,,,,,,,,,,,,,,,,,,,,,,,,,,,,,
Luis Peralta*,-0.4,,,,,,,,,,,,,,,,,,,,,,,,,,,,,,,
Ethan Roberts,-0.1,,,,,,,,,,,,,,,,,,,,,,,,,,,,,,,
Danny Young*,-0.1,,,,,,,,,,,,,,,,,,,,,,,,,,,,,,,
Jacob Barnes,-0.4,,,,,,,,,,,,,,,,,,,,,,,,,,,,,,,
Nestor Cortes*,-0.3,,,,,,,,,,,,,,,,,,,,,,,,,,,,,,,
Gerson Garabito,-0.6,,,,,,,,,,,,,,,,,,,,,,,,,,,,,,,
Tom Harrington,-0.4,,,,,,,,,,,,,,,,,,,,,,,,,,,,,,,
Chase Lee,0.2,,,,,,,,,,,,,,,,,,,,,,,,,,,,,,,
Kenta Maeda,-0.2,,,,,,,,,,,,,,,,,,,,,,,,,,,,,,,
A.J. Puk*,0.2,,,,,,,,,,,,,,,,,,,,,,,,,,,,,,,
Nick Sandlin,0,,,,,,,,,,,,,,,,,,,,,,,,,,,,,,,
Blake Treinen,0.1,,,,,,,,,,,,,,,,,,,,,,,,,,,,,,,
,,,,,,,,,,,,,,,,,,,,,,,,,,,,,,,,
Victor Vodnik,0,,,,,,,,,,,,,,,,,,,,,,,,,,,,,,,
Michael Darrell-Hicks,-0.2,,,,,,,,,,,,,,,,,,,,,,,,,,,,,,,
Juan Mejia,-0.1,,,,,,,,,,,,,,,,,,,,,,,,,,,,,,,
Juan Morillo,0,,,,,,,,,,,,,,,,,,,,,,,,,,,,,,,
Kyle Nicolas,-0.4,,,,,,,,,,,,,,,,,,,,,,,,,,,,,,,
Orlando Ribalta,0,,,,,,,,,,,,,,,,,,,,,,,,,,,,,,,
Lyon Richardson,0.3,,,,,,,,,,,,,,,,,,,,,,,,,,,,,,,
Bryce Jarvis,-0.1,,,,,,,,,,,,,,,,,,,,,,,,,,,,,,,
Joe Mantiply*,-0.7,,,,,,,,,,,,,,,,,,,,,,,,,,,,,,,
Eli Morgan,-0.4,,,,,,,,,,,,,,,,,,,,,,,,,,,,,,,
Chris Roycroft,-0.3,,,,,,,,,,,,,,,,,,,,,,,,,,,,,,,
José Suarez*,0.1,,,,,,,,,,,,,,,,,,,,,,,,,,,,,,,
José Ureña,-0.1,,,,,,,,,,,,,,,,,,,,,,,,,,,,,,,
José Ureña,-0.1,,,,,,,,,,,,,,,,,,,,,,,,,,,,,,,
José Ureña,0,,,,,,,,,,,,,,,,,,,,,,,,,,,,,,,
Luis Castillo,-0.3,,,,,,,,,,,,,,,,,,,,,,,,,,,,,,,
Joey Estes,-0.5,,,,,,,,,,,,,,,,,,,,,,,,,,,,,,,
Logan Gillaspie,0.2,,,,,,,,,,,,,,,,,,,,,,,,,,,,,,,
Sam Long*,-0.9,,,,,,,,,,,,,,,,,,,,,,,,,,,,,,,
Jacob Lopez*,-0.1,,,,,,,,,,,,,,,,,,,,,,,,,,,,,,,
Gregory Santos,-0.3,,,,,,,,,,,,,,,,,,,,,,,,,,,,,,,
Fraser Ellard*,-0.2,,,,,,,,,,,,,,,,,,,,,,,,,,,,,,,
Drew Pomeranz*,0.3,,,,,,,,,,,,,,,,,,,,,,,,,,,,,,,
Paxton Schultz,0.1,,,,,,,,,,,,,,,,,,,,,,,,,,,,,,,
Noah Cameron*,0.4,,,,,,,,,,,,,,,,,,,,,,,,,,,,,,,
,,,,,,,,,,,,,,,,,,,,,,,,,,,,,,,,
Tanner Gordon,-0.2,,,,,,,,,,,,,,,,,,,,,,,,,,,,,,,
Elvis Peguero,-0.2,,,,,,,,,,,,,,,,,,,,,,,,,,,,,,,
Brock Stewart,-0.1,,,,,,,,,,,,,,,,,,,,,,,,,,,,,,,
Alexis Díaz,-0.4,,,,,,,,,,,,,,,,,,,,,,,,,,,,,,,
José Fermín,-0.1,,,,,,,,,,,,,,,,,,,,,,,,,,,,,,,
Sean Guenther*,0.1,,,,,,,,,,,,,,,,,,,,,,,,,,,,,,,
Logan Henderson,0.2,,,,,,,,,,,,,,,,,,,,,,,,,,,,,,,
Luis Mey,0.3,,,,,,,,,,,,,,,,,,,,,,,,,,,,,,,
Mike Clevinger,-0.2,,,,,,,,,,,,,,,,,,,,,,,,,,,,,,,
Gavin Hollowell,0.2,,,,,,,,,,,,,,,,,,,,,,,,,,,,,,,
Michael McGreevy,0.8,,,,,,,,,,,,,,,,,,,,,,,,,,,,,,,
Triston McKenzie,-0.2,,,,,,,,,,,,,,,,,,,,,,,,,,,,,,,
Kaleb Ort,0.1,,,,,,,,,,,,,,,,,,,,,,,,,,,,,,,
Evan Phillips,0.4,,,,,,,,,,,,,,,,,,,,,,,,,,,,,,,
Matt Svanson,0.1,,,,,,,,,,,,,,,,,,,,,,,,,,,,,,,
Craig Yoho,-0.2,,,,,,,,,,,,,,,,,,,,,,,,,,,,,,,
Randy Dobnak,0.1,,,,,,,,,,,,,,,,,,,,,,,,,,,,,,,
Hunter Harvey,0.3,,,,,,,,,,,,,,,,,,,,,,,,,,,,,,,
Brent Headrick*,0.2,,,,,,,,,,,,,,,,,,,,,,,,,,,,,,,
Darren McCaughan,0.1,,,,,,,,,,,,,,,,,,,,,,,,,,,,,,,
Dillon Tate,0,,,,,,,,,,,,,,,,,,,,,,,,,,,,,,,
Connor Thomas*,-0.5,,,,,,,,,,,,,,,,,,,,,,,,,,,,,,,
Joe Boyle,0.1,,,,,,,,,,,,,,,,,,,,,,,,,,,,,,,
Chris Flexen,0.2,,,,,,,,,,,,,,,,,,,,,,,,,,,,,,,
Kevin Kelly,0,,,,,,,,,,,,,,,,,,,,,,,,,,,,,,,
,,,,,,,,,,,,,,,,,,,,,,,,,,,,,,,,
Reynaldo López,0,,,,,,,,,,,,,,,,,,,,,,,,,,,,,,,
Spencer Strider,0.1,,,,,,,,,,,,,,,,,,,,,,,,,,,,,,,
Josh Walker*,-0.1,,,,,,,,,,,,,,,,,,,,,,,,,,,,,,,
Justin Wrobleski*,-0.3,,,,,,,,,,,,,,,,,,,,,,,,,,,,,,,
Marc Church,0,,,,,,,,,,,,,,,,,,,,,,,,,,,,,,,
Matt Festa,-0.1,,,,,,,,,,,,,,,,,,,,,,,,,,,,,,,
Kevin Ginkel,-0.6,,,,,,,,,,,,,,,,,,,,,,,,,,,,,,,
Tyler Matzek*,-0.1,,,,,,,,,,,,,,,,,,,,,,,,,,,,,,,
Roddery Muñoz,-0.1,,,,,,,,,,,,,,,,,,,,,,,,,,,,,,,
Cole Sulser,-0.2,,,,,,,,,,,,,,,,,,,,,,,,,,,,,,,
José Castillo*,-0.2,,,,,,,,,,,,,,,,,,,,,,,,,,,,,,,
Taylor Clarke,0.2,,,,,,,,,,,,,,,,,,,,,,,,,,,,,,,
Cooper Criswell,-0.3,,,,,,,,,,,,,,,,,,,,,,,,,,,,,,,
Cade Gibson*,0,,,,,,,,,,,,,,,,,,,,,,,,,,,,,,,
Ben Joyce,-0.3,,,,,,,,,,,,,,,,,,,,,,,,,,,,,,,
Eric Lauer*,0,,,,,,,,,,,,,,,,,,,,,,,,,,,,,,,
Brandon Waddell*,0.3,,,,,,,,,,,,,,,,,,,,,,,,,,,,,,,
Jake Bauers*,0.1,,,,,,,,,,,,,,,,,,,,,,,,,,,,,,,
Ryan Bergert,0.1,,,,,,,,,,,,,,,,,,,,,,,,,,,,,,,
AJ Blubaugh,-0.3,,,,,,,,,,,,,,,,,,,,,,,,,,,,,,,
Tom Cosgrove*,0.1,,,,,,,,,,,,,,,,,,,,,,,,,,,,,,,
Yerry De los Santos,0.1,,,,,,,,,,,,,,,,,,,,,,,,,,,,,,,
Kody Funderburk*,0.1,,,,,,,,,,,,,,,,,,,,,,,,,,,,,,,
Luis Guerrero,0.2,,,,,,,,,,,,,,,,,,,,,,,,,,,,,,,
Jesse Hahn,0.3,,,,,,,,,,,,,,,,,,,,,,,,,,,,,,,
,,,,,,,,,,,,,,,,,,,,,,,,,,,,,,,,
Cade Horton,-0.1,,,,,,,,,,,,,,,,,,,,,,,,,,,,,,,
Zak Kent,0.1,,,,,,,,,,,,,,,,,,,,,,,,,,,,,,,
Lance McCullers Jr.,-0.4,,,,,,,,,,,,,,,,,,,,,,,,,,,,,,,
Javier Sanoja,-0.2,,,,,,,,,,,,,,,,,,,,,,,,,,,,,,,
Troy Taylor,-0.2,,,,,,,,,,,,,,,,,,,,,,,,,,,,,,,
Jason Alexander,-0.1,,,,,,,,,,,,,,,,,,,,,,,,,,,,,,,
Andrew Chafin*,0,,,,,,,,,,,,,,,,,,,,,,,,,,,,,,,
Omar Cruz*,0,,,,,,,,,,,,,,,,,,,,,,,,,,,,,,,
Cristian Mena,0.3,,,,,,,,,,,,,,,,,,,,,,,,,,,,,,,
Patrick Monteverde*,-0.1,,,,,,,,,,,,,,,,,,,,,,,,,,,,,,,
Tayler Saucedo*,-0.2,,,,,,,,,,,,,,,,,,,,,,,,,,,,,,,
Colin Selby,0,,,,,,,,,,,,,,,,,,,,,,,,,,,,,,,
Zach Thompson,0.1,,,,,,,,,,,,,,,,,,,,,,,,,,,,,,,
Blade Tidwell,-0.3,,,,,,,,,,,,,,,,,,,,,,,,,,,,,,,
Justin Hagenman,0.1,,,,,,,,,,,,,,,,,,,,,,,,,,,,,,,
Angel Perdomo*,0,,,,,,,,,,,,,,,,,,,,,,,,,,,,,,,
Connor Brogdon,0.1,,,,,,,,,,,,,,,,,,,,,,,,,,,,,,,
Génesis Cabrera*,0,,,,,,,,,,,,,,,,,,,,,,,,,,,,,,,
Jesse Chavez,0,,,,,,,,,,,,,,,,,,,,,,,,,,,,,,,
Aaron Civale,-0.2,,,,,,,,,,,,,,,,,,,,,,,,,,,,,,,
Xzavion Curry,-0.3,,,,,,,,,,,,,,,,,,,,,,,,,,,,,,,
Caden Dana,0,,,,,,,,,,,,,,,,,,,,,,,,,,,,,,,
Yilber Díaz,-0.1,,,,,,,,,,,,,,,,,,,,,,,,,,,,,,,
Dane Dunning,0,,,,,,,,,,,,,,,,,,,,,,,,,,,,,,,
Carl Edwards Jr.,-0.1,,,,,,,,,,,,,,,,,,,,,,,,,,,,,,,
,,,,,,,,,,,,,,,,,,,,,,,,,,,,,,,,
Kyle Harrison*,0.2,,,,,,,,,,,,,,,,,,,,,,,,,,,,,,,
Drey Jameson,0.1,,,,,,,,,,,,,,,,,,,,,,,,,,,,,,,
Víctor Mederos,0,,,,,,,,,,,,,,,,,,,,,,,,,,,,,,,
Bobby Miller,-0.3,,,,,,,,,,,,,,,,,,,,,,,,,,,,,,,
Doug Nikhazy*,-0.3,,,,,,,,,,,,,,,,,,,,,,,,,,,,,,,
Max Scherzer,0,,,,,,,,,,,,,,,,,,,,,,,,,,,,,,,
Randy Wynne,0,,,,,,,,,,,,,,,,,,,,,,,,,,,,,,,
Héctor Neris,-0.2,,,,,,,,,,,,,,,,,,,,,,,,,,,,,,,
Héctor Neris,-0.4,,,,,,,,,,,,,,,,,,,,,,,,,,,,,,,
Héctor Neris,0.1,,,,,,,,,,,,,,,,,,,,,,,,,,,,,,,
Matt Brash,0.2,,,,,,,,,,,,,,,,,,,,,,,,,,,,,,,
Noah Davis,-0.2,,,,,,,,,,,,,,,,,,,,,,,,,,,,,,,
Michael Fulmer,-0.1,,,,,,,,,,,,,,,,,,,,,,,,,,,,,,,
Tommy Henry*,0.1,,,,,,,,,,,,,,,,,,,,,,,,,,,,,,,
Jaden Hill,0,,,,,,,,,,,,,,,,,,,,,,,,,,,,,,,
Riley O'Brien,-0.1,,,,,,,,,,,,,,,,,,,,,,,,,,,,,,,
Cody Poteet,-0.2,,,,,,,,,,,,,,,,,,,,,,,,,,,,,,,
Albert Suárez,-0.1,,,,,,,,,,,,,,,,,,,,,,,,,,,,,,,
Jake Eder*,0,,,,,,,,,,,,,,,,,,,,,,,,,,,,,,,
Caleb Freeman,-0.1,,,,,,,,,,,,,,,,,,,,,,,,,,,,,,,
Chase Petty,-0.4,,,,,,,,,,,,,,,,,,,,,,,,,,,,,,,
Evan Sisk*,0.1,,,,,,,,,,,,,,,,,,,,,,,,,,,,,,,
Yosver Zulueta,0,,,,,,,,,,,,,,,,,,,,,,,,,,,,,,,
Tucker Barnhart,-0.1,,,,,,,,,,,,,,,,,,,,,,,,,,,,,,,
Cody Bolton,-0.1,,,,,,,,,,,,,,,,,,,,,,,,,,,,,,,
,,,,,,,,,,,,,,,,,,,,,,,,,,,,,,,,
Jonathan Bowlan,0.1,,,,,,,,,,,,,,,,,,,,,,,,,,,,,,,
Chris Devenski,-0.1,,,,,,,,,,,,,,,,,,,,,,,,,,,,,,,
J.P. Feyereisen,-0.2,,,,,,,,,,,,,,,,,,,,,,,,,,,,,,,
J.P. Feyereisen,-0.2,,,,,,,,,,,,,,,,,,,,,,,,,,,,,,,
J.P. Feyereisen,0,,,,,,,,,,,,,,,,,,,,,,,,,,,,,,,
Kevin Herget,-0.1,,,,,,,,,,,,,,,,,,,,,,,,,,,,,,,
Scott McGough,0.1,,,,,,,,,,,,,,,,,,,,,,,,,,,,,,,
Sam Moll*,-0.2,,,,,,,,,,,,,,,,,,,,,,,,,,,,,,,
Tyler Owens,0.1,,,,,,,,,,,,,,,,,,,,,,,,,,,,,,,
Jhonny Pereda,-0.1,,,,,,,,,,,,,,,,,,,,,,,,,,,,,,,
Michael Petersen,0.1,,,,,,,,,,,,,,,,,,,,,,,,,,,,,,,
Tanner Rainey,0.1,,,,,,,,,,,,,,,,,,,,,,,,,,,,,,,
Miguel Rojas,-0.1,,,,,,,,,,,,,,,,,,,,,,,,,,,,,,,
Jacob Stallings,0,,,,,,,,,,,,,,,,,,,,,,,,,,,,,,,
Robert Stock,0,,,,,,,,,,,,,,,,,,,,,,,,,,,,,,,
Touki Toussaint,0,,,,,,,,,,,,,,,,,,,,,,,,,,,,,,,
Forrest Whitley,0.1,,,,,,,,,,,,,,,,,,,,,,,,,,,,,,,
Jordan Wicks*,-0.4,,,,,,,,,,,,,,,,,,,,,,,,,,,,,,,
Will Wilson,-0.1,,,,,,,,,,,,,,,,,,,,,,,,,,,,,,,
Elvis Alvarado,0,,,,,,,,,,,,,,,,,,,,,,,,,,,,,,,
Zach Brzykcy,0,,,,,,,,,,,,,,,,,,,,,,,,,,,,,,,
Sauryn Lao,0,,,,,,,,,,,,,,,,,,,,,,,,,,,,,,,
Richard Lovelady*,-0.2,,,,,,,,,,,,,,,,,,,,,,,,,,,,,,,
Adam Ottavino,0.1,,,,,,,,,,,,,,,,,,,,,,,,,,,,,,,
Hunter Stratton,-0.2,,,,,,,,,,,,,,,,,,,,,,,,,,,,,,,
,,,,,,,,,,,,,,,,,,,,,,,,,,,,,,,,
Shaun Anderson,0,,,,,,,,,,,,,,,,,,,,,,,,,,,,,,,
Jhonathan Díaz*,0,,,,,,,,,,,,,,,,,,,,,,,,,,,,,,,
Bailey Horn*,0.1,,,,,,,,,,,,,,,,,,,,,,,,,,,,,,,
Grant Wolfram*,-0.1,,,,,,,,,,,,,,,,,,,,,,,,,,,,,,,
Jacob Amaya,0,,,,,,,,,,,,,,,,,,,,,,,,,,,,,,,
Ryan Brasier,0,,,,,,,,,,,,,,,,,,,,,,,,,,,,,,,
Willi Castro,0,,,,,,,,,,,,,,,,,,,,,,,,,,,,,,,
Davis Daniel,0,,,,,,,,,,,,,,,,,,,,,,,,,,,,,,,
Ezequiel Durán,0,,,,,,,,,,,,,,,,,,,,,,,,,,,,,,,
Austin Hedges,0,,,,,,,,,,,,,,,,,,,,,,,,,,,,,,,
Kiké Hernández,0,,,,,,,,,,,,,,,,,,,,,,,,,,,,,,,
Christian Koss,0,,,,,,,,,,,,,,,,,,,,,,,,,,,,,,,
Jorge Mateo,-0.2,,,,,,,,,,,,,,,,,,,,,,,,,,,,,,,
Amed Rosario,-0.1,,,,,,,,,,,,,,,,,,,,,,,,,,,,,,,
Gary Sánchez,-0.1,,,,,,,,,,,,,,,,,,,,,,,,,,,,,,,
Alan Trejo,0,,,,,,,,,,,,,,,,,,,,,,,,,,,,,,,
Austin Warren,0,,,,,,,,,,,,,,,,,,,,,,,,,,,,,,,
Nathan Wiles,-0.1,,,,,,,,,,,,,,,,,,,,,,,,,,,,,,,
Luke Little*,-0.1,,,,,,,,,,,,,,,,,,,,,,,,,,,,,,,
Dedniel Núñez,-0.2,,,,,,,,,,,,,,,,,,,,,,,,,,,,,,,
Sean Reynolds,-0.1,,,,,,,,,,,,,,,,,,,,,,,,,,,,,,,
Ty Adcock,0,,,,,,,,,,,,,,,,,,,,,,,,,,,,,,,
Nicky Lopez,,,,,,,,,,,,,,,,,,,,,,,,,,,,,,,,